<application>
  <component name="GraziConfig">
    <option name="suppressingContext">
      <SuppressingContext>
        <option name="suppressed">
          <set>
            <option value="from the Missions dashboard tile" />
            <option value="contain a Locations table when" />
            <option value="for the Attributes panel inside" />
            <option value="the create" />
            <option value="depending" />
            <option value="the Create" />
            <option value="tied to classes" />
            <option value="both from the Missions dashboard tile on the home page as well as" />
            <option value="with the Locations table found" />
            <option value="locator so it is" />
          </set>
        </option>
      </SuppressingContext>
    </option>
  </component>
</application>