<application>
  <component name="SshConfigs">
    <configs>
      <sshConfig host="10.0.186.6" id="e096af30-9f3e-4208-94ea-da52c2ded8b7" keyPath="$USER_HOME$/.ssh/id_ecdsa" port="22" customName="bigBox" nameFormat="CUSTOM" username="planx" useOpenSSHConfig="true">
        <option name="customName" value="bigBox" />
      </sshConfig>
      <sshConfig host="127.0.0.1" id="0228e3fb-7fcc-4483-b205-1a7fe91fbba9" keyPath="$USER_HOME$/CodeProjects/dev-env-bootstrap/vagrant/.vagrant/machines/_codeprojects_dev-env-bootstrap_vagrant/virtualbox/private_key" port="2222" customName="vagrantBox" nameFormat="CUSTOM" username="vagrant" useOpenSSHConfig="true">
        <option name="customName" value="vagrantBox" />
      </sshConfig>
      <sshConfig host="10.0.144.3" id="4dc9f361-9877-4fdb-a94e-39670533a035" keyPath="$USER_HOME$/.ssh/id_ecdsa" port="22" customName="littleBox" nameFormat="CUSTOM" username="planx" useOpenSSHConfig="true">
        <option name="customName" value="littleBox" />
      </sshConfig>
    </configs>
  </component>
</application>